OBJECTID,ctyua19cd,ctyua19nm,ctyua19nmw,bng_e,bng_n,long,lat,Shape__Area,Shape__Length,GlobalID
1,E06000001,Hartlepool, ,447160,531474,-1.27018,54.67614,96845510.2462463,50305.3250575963,70a72826-c9a1-4826-9b47-ccebf29eef07
2,E06000002,Middlesbrough, ,451141,516887,-1.21099,54.54467,52908459.4558716,34964.4063127193,77377060-55e8-41e2-8fa0-f0e450f22b5a
3,E06000003,Redcar and Cleveland, ,464361,519597,-1.00608,54.56752,248679106.107452,83939.752512612,922557f5-4e33-4fc1-afe6-98d2906dc9ce
4,E06000004,Stockton-on-Tees, ,444940,518183,-1.30664,54.556911,207159134.052963,87075.8608238664,148a3f71-5d57-455e-8851-05c075f8b306
5,E06000005,Darlington, ,428029,515648,-1.56835,54.535339,198812770.766724,91926.8395447382,87021dc3-c6da-4cec-bd9f-6ea5ac4ff744
6,E06000006,Halton, ,354246,382146,-2.68853,53.33424,80285487.9638062,66618.9139640829,1e0945d1-5dc4-493e-8fb4-9d6ee8b9f3f3
7,E06000007,Warrington, ,362744,388456,-2.56167,53.391628,178628103.877419,71840.6701053445,b9acc64f-dbb4-4588-a7a5-648474310393
8,E06000008,Blackburn with Darwen, ,369490,422806,-2.4636,53.700802,139386372.837677,55099.1506570023,9edffe71-e419-41f0-82c4-f89deb790607
9,E06000009,Blackpool, ,332819,436635,-3.02199,53.82164,33695601.8226013,30031.4085097493,728f1f70-71f1-47a5-8a3b-473070dce86b
10,E06000010,"Kingston upon Hull, City of", ,511894,431650,-0.30382,53.769199,71407321.3833923,41191.839744039,f80cc17d-6f06-4569-8ad4-ef930a89cf47
11,E06000011,East Riding of Yorkshire, ,488056,443597,-0.66195,53.881119,2407736417.91599,342145.564461025,631cc173-bf3c-42e2-99fc-4dfebcad2e38
12,E06000012,North East Lincolnshire, ,523465,404564,-0.13911,53.52327,190515165.006149,79044.1915444955,183c12b3-7538-4211-ac3b-748ee919d320
13,E06000013,North Lincolnshire, ,497800,410993,-0.52407,53.58643,851248285.548187,180169.926314652,ad62f095-3cee-4cb8-99dc-f092d903555a
14,E06000014,York, ,460864,452589,-1.07375,53.96582,275546399.143387,84074.3459373033,7d7de5dd-8b8a-4917-9299-b5a1cafd6567
15,E06000015,Derby, ,435609,335375,-1.47189,52.914639,78270268.2160492,40201.8369858685,cbec0cb4-a9f8-4ce8-bc6a-568b3b9acfbc
16,E06000016,Leicester, ,458946,304594,-1.1304,52.635921,73589165.1551971,40830.2301887663,9759f792-1971-4efc-856c-467d5ff2e266
17,E06000017,Rutland, ,492992,308655,-0.6263,52.667648,392185479.476913,96395.3187509396,714078d3-e9ce-42a1-b4fa-3a34ea0aff77
18,E06000018,Nottingham, ,456082,339969,-1.16667,52.954189,75870408.9552002,49574.8901430337,01515c42-59c8-4519-94b9-b22802f6b97f
19,E06000019,"Herefordshire, County of", ,349434,242834,-2.73931,52.081539,2180535922.072,285426.725625785,befb2d47-6a48-450a-9b49-7f29b57c5e2c
20,E06000020,Telford and Wrekin, ,367035,313057,-2.48941,52.714169,291802973.438316,93575.1938714998,519b88a1-ab5d-4208-9533-401c72e465e3
21,E06000021,Stoke-on-Trent, ,389438,346652,-2.15888,53.017071,92988650.0173569,51304.0331368415,55583210-a658-40dc-b655-217316b11b25
22,E06000022,Bath and North East Somerset, ,366217,161999,-2.48654,51.356041,348611816.21056,107062.696328706,72811782-71ef-4eba-9300-57a656f23aa5
23,E06000023,"Bristol, City of", ,359990,174846,-2.57742,51.471149,110320041.55611,58260.2369001144,fe5eda26-9b12-4d6e-a10a-e921f0f6c3a5
24,E06000024,North Somerset, ,347613,166719,-2.75439,51.397072,374705235.582317,113129.327916102,6a3e4fe6-cff2-404f-b245-e25c996778cd
25,E06000025,South Gloucestershire, ,367559,183198,-2.46922,51.54673,499853753.458225,113237.408942735,d57376e4-dec1-4aed-b015-6975dfa71a77
26,E06000026,Plymouth, ,249945,58255,-4.11297,50.404942,82446416.5613241,54633.373433349,12a4753a-d5ab-4fc5-9576-95f74c4ea340
27,E06000027,Torbay, ,289730,64613,-3.55523,50.470921,65455906.7753878,55423.7203649068,ed83a550-0c02-4839-bb3f-644089f0b9c5
28,E06000030,Swindon, ,418551,186564,-1.73367,51.577629,227720526.640511,83649.254196991,01716d9b-aa3c-435c-a2af-659556b4242e
29,E06000031,Peterborough, ,517372,300777,-0.26874,52.59214,342190158.161911,97196.0688186069,95fb0809-8fc5-40c2-95b9-0d8504c9117b
30,E06000032,Luton, ,508606,222559,-0.42319,51.891022,44068117.7992706,30772.5559397546,c93657d1-2598-4e65-a864-0aa3086e279c
31,E06000033,Southend-on-Sea, ,587777,186837,0.706923,51.549171,44692735.3388367,36478.5882663435,e9608abf-9f2b-4bea-ac68-7d350da607eb
32,E06000034,Thurrock, ,562123,181590,0.334861,51.509979,161110777.921547,71948.0397558889,1b19efd0-b304-466f-8572-838050f019bc
33,E06000035,Medway, ,578207,175198,0.563174,51.44772,190967950.321487,115739.730006122,9ca1c546-00f3-4419-ac16-f4f38b102d18
34,E06000036,Bracknell Forest, ,488169,168792,-0.73363,51.411301,108233672.335564,57917.0191370737,eeccc98c-dbd2-420a-992d-ee41b3d380ac
35,E06000037,West Berkshire, ,450575,172095,-1.27364,51.445591,701217777.186142,143114.430665937,8a302397-940c-4c2d-82ac-467791c7e9bc
36,E06000038,Reading, ,470226,173154,-0.99071,51.453018,41326311.0230942,30503.9475666732,c00b205f-d740-4e6e-84ab-af2b04971411
37,E06000039,Slough, ,498920,179246,-0.57617,51.503502,32201925.6620255,37004.5367813503,032e6e9b-580b-450f-8672-1336e22748bf
38,E06000040,Windsor and Maidenhead, ,492079,176541,-0.67541,51.480339,197413883.6549,102626.060278222,adf0a14d-1863-4dd1-8099-92df4bdd61c7
39,E06000041,Wokingham, ,476624,169902,-0.89935,51.422958,179124859.588287,75874.0016677131,338064f8-6cbb-46ea-af92-36e1a7c66cf3
40,E06000042,Milton Keynes, ,486408,242308,-0.7407,52.072411,309327268.513161,87925.407811009,01a829d1-0a91-4ad7-af43-69f89961e500
41,E06000043,Brighton and Hove, ,530279,106850,-0.15079,50.8465,86830163.5380135,47744.1816987319,32a3f665-e649-4008-b775-eb137a08b6ce
42,E06000044,Portsmouth, ,465619,101352,-1.07006,50.807999,38681182.1590691,46096.79687628,5298cef1-f8d0-4c10-888d-740e5efc8349
43,E06000045,Southampton, ,442303,113700,-1.39952,50.9212,51302492.4578094,37824.5321233362,093aa8a0-7cb9-4399-b92f-a2277abb3a10
44,E06000046,Isle of Wight, ,447183,85949,-1.33366,50.671291,380492164.757179,115358.163903433,8a13e8b1-abc2-4488-94af-f21232e85769
45,E06000047,County Durham, ,410381,532242,-1.8405,54.685131,2231125517.26889,264032.92749583,19e901ac-6eeb-4880-9d98-44912ae844f3
46,E06000049,Cheshire East, ,380510,363462,-2.29299,53.167931,1168796057.55982,236392.416985265,a6e06140-44db-4969-b693-735a6f71806d
47,E06000050,Cheshire West and Chester, ,353097,363145,-2.70298,53.163361,918494056.600471,226413.942405247,e9876159-b435-4cb6-980a-15111d0c707b
48,E06000051,Shropshire, ,350227,302960,-2.73667,52.62212,3188264185.4566,469624.12470206,837f1a69-861e-445e-80e0-c259ebeb98fb
49,E06000052,Cornwall, ,212497,64493,-4.64254,50.450218,3581790891.00092,555185.681446033,4a2d1623-a0a3-48c6-b4f2-abc33b40375a
50,E06000053,Isles of Scilly, ,91327,11447,-6.30217,49.923321,14741027.0771818,42490.7678349145,9434b3b0-397b-48f3-b316-707a84502e57
51,E06000054,Wiltshire, ,405209,158863,-1.92661,51.328831,3258221477.74877,348922.106721656,e044aba4-89b4-4f89-9bbc-f81eac349a2f
52,E06000055,Bedford, ,505721,256463,-0.45463,52.196281,475803430.167877,115931.402375604,44a48b57-40c6-4e0a-9f4b-b484ce6b3d7a
53,E06000056,Central Bedfordshire, ,504615,234492,-0.47754,51.999031,709169826.973618,200740.568495412,838a7841-f9ce-4564-8b85-10a2cd605b67
54,E06000057,Northumberland, ,395322,600699,-2.07523,55.300369,5033705297.17029,445104.766524076,62cccdb1-6eee-4eb9-8da9-7bb357418af2
55,E06000058,"Bournemouth, Christchurch and Poole", ,410815,94066,-1.84807,50.74609,162573149.956524,94508.2270574955,99d02aa0-42c2-463a-a14e-70f81703ed72
56,E06000059,Dorset, ,370871,99796,-2.41467,50.79697,2491765914.43181,398443.830534875,20393382-a3aa-4be6-8fac-2ae7da9af688
57,E08000001,Bolton, ,368352,409873,-2.47952,53.584492,138708159.810562,64700.0073741873,d155b345-e052-4171-80be-d1f64a9397cd
58,E08000002,Bury, ,379658,410768,-2.3088,53.593102,100752668.832565,57024.343964005,23f5642a-0e8f-4fbd-ad25-aabcd9c70d7f
59,E08000003,Manchester, ,384591,397063,-2.23359,53.470089,111895372.049988,69389.3342447551,b9ad3c18-d613-46f2-ba59-f4bc279da3a8
60,E08000004,Oldham, ,396603,406784,-2.05274,53.557678,144009083.688797,60962.5161536524,fdfc77ca-01de-4e03-9bb7-32421ffbce07
61,E08000005,Rochdale, ,390315,412326,-2.14784,53.60741,156240276.628983,70324.1997306319,483612a0-3bd7-48fe-9dc9-ccdd6623a991
62,E08000006,Salford, ,374556,398128,-2.38485,53.479271,97966760.8522491,56607.4574926673,fc8430f0-a43c-48b2-8c08-8209e9e19297
63,E08000007,Stockport, ,391806,388264,-2.12467,53.391159,125536175.953476,56951.0021071987,0efeef5e-566c-4673-b9ad-c06ee1215d4d
64,E08000008,Tameside, ,394987,397995,-2.077,53.478668,102159712.453125,43841.721507214,4bc3ff4b-c04b-4054-aa31-76574790e4c4
65,E08000009,Trafford, ,375790,391162,-2.36572,53.41671,108001520.134262,50772.1551214183,7c51f639-f540-44de-ac0f-b218e0e40636
66,E08000010,Wigan, ,362136,402126,-2.57247,53.51445,188328606.718338,71520.3471690432,997c9873-c7a8-44f4-bb4d-fe862b9ce889
67,E08000011,Knowsley, ,344762,393778,-2.83297,53.437881,86257644.2380219,57788.9038805895,6d32131d-f6c2-4026-b5ea-854c1019b943
68,E08000012,Liverpool, ,339361,390553,-2.91364,53.408298,113076469.188667,54743.3095612814,f826a1e4-04e9-4b73-8839-32342efcd442
69,E08000013,St. Helens, ,353412,395992,-2.7031,53.458618,135955079.347725,64907.6417699786,ee49f036-ab7e-4d54-bb35-db1f191db5d7
70,E08000014,Sefton, ,334282,398832,-2.99177,53.482101,153603784.07576,96011.7155820699,c8a3b7d6-0468-4110-b46b-0aa62e72c2f8
71,E08000015,Wirral, ,329110,386965,-3.06701,53.374779,156254950.462502,73355.3038389779,591bdde2-c980-487d-8627-42967c056721
72,E08000016,Barnsley, ,429979,403327,-1.54925,53.525768,327231730.553528,106147.881594816,3143eb88-0ed6-49f5-ae2e-2772de4a1148
73,E08000017,Doncaster, ,459167,403735,-1.10894,53.52697,568185323.243088,116466.439724588,3036516c-ad77-4a7d-9bf8-6fa26b085930
74,E08000018,Rotherham, ,447542,388980,-1.28651,53.395531,289185192.302475,88845.3632514031,2941865f-b9db-4e7c-9378-dc430af34ca2
75,E08000019,Sheffield, ,430511,389736,-1.54254,53.40358,366749529.310562,114173.751548161,50f78d4b-d2e7-4cfc-9762-eeeef157aba5
76,E08000021,Newcastle upon Tyne, ,422287,569662,-1.65297,55.021011,114647993.930527,53458.4213393439,6bb5c00f-efa5-4006-b33f-816034ef9e0d
77,E08000022,North Tyneside, ,431471,570602,-1.50923,55.028961,83154622.5532532,51169.6648416803,88f40b9c-eee7-4662-a862-3662c43608ca
78,E08000023,South Tyneside, ,435514,564057,-1.44679,54.969879,62745878.0819244,40133.9177111546,90b8a7b9-f217-47a0-a5e5-7ab0c871c5e7
79,E08000024,Sunderland, ,436470,551524,-1.43344,54.857189,136500589.76593,58504.446990138,03336440-05b4-4ad0-bb9b-ba8088bdb0a7
80,E08000025,Birmingham, ,408150,287352,-1.88141,52.484039,269026608.653671,88776.3432187477,4177dbee-eb81-4962-966c-e11d00ac181f
81,E08000026,Coventry, ,432807,279689,-1.51908,52.41423,99799013.6588593,43481.4057273969,485f2861-9775-4bd4-973d-e809c7ff65ec
82,E08000027,Dudley, ,393191,288584,-2.10171,52.495129,97264778.3219223,60125.2237570879,f4afba8d-62cf-44ed-9374-0960e9ab67ae
83,E08000028,Sandwell, ,399573,290764,-2.00771,52.514771,85222122.4991226,48306.2485949547,d8267d23-1823-4b71-b0ef-9f06c91695fe
84,E08000029,Solihull, ,419434,281483,-1.71558,52.431,177542587.9058,82695.460772941,a97af09f-f714-48d8-977f-a22616220331
85,E08000030,Walsall, ,402098,300804,-1.97044,52.60503,104027261.810837,49836.8728324194,b6491bab-fcdd-44fa-aab9-27317ec6db21
86,E08000031,Wolverhampton, ,391463,300016,-2.12746,52.597881,69466620.7597809,41126.9610793456,a88d0c1c-cf9b-49eb-a289-09158c3621a7
87,E08000032,Bradford, ,408395,438626,-1.87389,53.843819,368386843.278992,113226.190390702,1dacd6d7-9496-4916-a015-b3192ff4e063
88,E08000033,Calderdale, ,402617,424896,-1.96182,53.720482,367618489.551361,94050.2456636643,cd909439-1097-4d68-a105-b1f335f554f2
89,E08000034,Kirklees, ,414586,416223,-1.78085,53.64233,405306353.685074,106837.808448509,7c443fbc-b70c-4ae0-948a-894424bd4249
90,E08000035,Leeds, ,432528,436384,-1.50736,53.822731,550578568.510788,133753.100810661,589c8cf5-d9f9-4f28-966d-b0d1780e1fca
91,E08000036,Wakefield, ,438366,418235,-1.42092,53.659222,337273074.664536,90373.7393822213,55e5420e-9e24-43e5-a97a-9b00799cfc0f
92,E08000037,Gateshead, ,420168,559658,-1.6868,54.931198,145563182.476349,68298.6074575551,6617bd6a-9fc2-49b2-80bf-eb5730da0adb
93,E09000001,City of London, ,532381,181359,-0.09353,51.515652,2505777.02787018,6744.9594991479,dd838e9c-2cc3-46c1-a4a9-6dd18811b570
94,E09000002,Barking and Dagenham, ,547757,185111,0.129479,51.545551,36924214.3391876,30967.5889455706,d03864fd-4a92-4eb5-9bb3-5d4dbc318ab0
95,E09000003,Barnet, ,523472,191753,-0.21821,51.61108,86643073.1183853,41838.7863086425,3921a178-5b8c-49e5-9712-beb551f97207
96,E09000004,Bexley, ,549203,175435,0.146227,51.458229,60423297.1621094,36180.6204259309,06ebb9f2-f85e-466a-98e0-ad26dd86dd15
97,E09000005,Brent, ,519615,186468,-0.27568,51.564411,44168269.9006042,33233.9122796257,78982201-c5c8-45da-91c5-1eb227fa1311
98,E09000006,Bromley, ,542036,165708,0.039246,51.372669,150198156.303879,63033.4499382761,80ae818d-a6d0-4f90-b593-c89c5cdc65bb
99,E09000007,Camden, ,527492,184284,-0.16289,51.54306,21274131.0329132,22056.4535363455,765204da-d86a-4d06-918d-721b6173c825
100,E09000008,Croydon, ,533922,164745,-0.07761,51.365978,85993776.89077,46725.3082664992,0bc34255-6635-48e0-9382-b1caa58bdec4
101,E09000009,Ealing, ,517057,181960,-0.31407,51.524429,54712230.1551514,39308.2766403889,c0485f90-087d-4df5-9539-0f522b910dd1
102,E09000010,Enfield, ,532829,196197,-0.08147,51.64888,83022176.2666702,37692.7193126975,d30a33aa-694b-4222-8cd5-2b561a88ffd3
103,E09000011,Greenwich, ,542508,175878,0.050107,51.463928,47629632.1074219,36587.9998016028,8479f289-5fe0-4919-ae8f-7bea62efac53
104,E09000012,Hackney, ,534560,185787,-0.06045,51.55492,19833986.2849503,21347.1681882345,dc2c4206-e196-4504-ade1-75592cdd486a
105,E09000013,Hammersmith and Fulham, ,523867,177993,-0.21735,51.487331,17587229.6356506,20818.2219430817,5c819ac3-f75e-4e47-a204-e4b46348103e
106,E09000014,Haringey, ,531262,189349,-0.10667,51.587711,28655635.1073761,25651.9550307946,416a54eb-decb-4d64-b394-f7532a24c87c
107,E09000015,Harrow, ,515356,189736,-0.33603,51.594669,51786258.0117416,31190.5711334874,ccd7656d-ab5b-4753-9ae4-705d5383d3f2
108,E09000016,Havering, ,555032,187514,0.235368,51.565189,113836320.122536,56527.1724231725,808c7ae2-5217-44b5-b069-eba06ddfdd66
109,E09000017,Hillingdon, ,508166,183120,-0.44182,51.536629,115520674.208,55989.0397599779,fddc65e6-d2a7-46b5-80f5-c816630ddc9f
110,E09000018,Hounslow, ,512742,174965,-0.37847,51.462429,55053197.9539337,46819.5788885995,c8584d03-b324-4823-b165-ef3150ebd554
111,E09000019,Islington, ,531158,184647,-0.10992,51.545479,15152148.9488754,17531.1070758061,db6f2f5f-8dfc-4a45-8773-bab62854a7e9
112,E09000020,Kensington and Chelsea, ,525757,179053,-0.18976,51.496441,11701510.1005249,17908.0138759111,65aa0bcb-c618-4917-b895-60a72e516a6b
113,E09000021,Kingston upon Thames, ,519508,167389,-0.28367,51.39296,38007491.6151581,33047.6953786389,c1faf409-c9ad-40e1-9282-50e463922fec
114,E09000022,Lambeth, ,531118,175629,-0.11385,51.464451,26699841.4302673,28992.7973091662,c5ce26c3-21e6-4209-8a72-5dc61f756040
115,E09000023,Lewisham, ,537889,173344,-0.01733,51.44231,34283465.7745743,30696.0849939121,b01dec47-d8f4-4213-8412-0bb691f88d31
116,E09000024,Merton, ,526069,169507,-0.18867,51.410568,37361486.4314041,27902.7796528634,9432a9b5-ce14-42fc-8e93-cae45c98dfe8
117,E09000025,Newham, ,540715,183344,0.027289,51.531471,36598559.5451279,25147.5665661036,955218c7-a71a-40d8-9069-3d384ea67099
118,E09000026,Redbridge, ,543511,189478,0.070071,51.585892,56904414.9598923,35940.741660093,57a7d931-f96f-4683-bfe0-2062a03cd1fe
119,E09000027,Richmond upon Thames, ,519005,172650,-0.28914,51.44035,59203313.3047943,45618.5875248419,acda1a2f-8771-4355-9ab2-9b5cec1e1dcd
120,E09000028,Southwark, ,533947,175866,-0.07306,51.465919,30251139.1381912,28468.133521133,fb90c1ff-2eac-44a5-a4d1-407ed835084b
121,E09000029,Sutton, ,527356,163640,-0.17227,51.357559,44475059.911911,32956.4110258173,f920f29b-67e8-4e89-a19e-719205eb3426
122,E09000030,Tower Hamlets, ,536343,181452,-0.03643,51.515541,19546971.6690598,21634.9575644869,349db207-2f57-4c93-ae02-577a16ea3a9e
123,E09000031,Waltham Forest, ,537327,190277,-0.01881,51.594608,39257107.8012695,28340.6367343147,bfa9f7fc-1f5c-4103-8eab-8c73fb9e4794
124,E09000032,Wandsworth, ,525151,174138,-0.20023,51.4524,34625993.0971146,33953.2689912882,88d6e273-f2cf-4c3b-af92-39e35e81d77c
125,E09000033,Westminster, ,528268,180870,-0.15295,51.512199,22938487.0702438,22668.168970061,ed6e3bce-c23a-4199-b973-7eb70554d0b3
126,E10000002,Buckinghamshire, ,482506,208561,-0.80569,51.769661,1574680639.70932,301220.69681599,d0ef6115-ebdd-416e-8c65-22f684f2be81
127,E10000003,Cambridgeshire, ,520312,273864,-0.23506,52.349659,3055805826.23956,366012.364067263,27a53af2-2a3a-4a77-b8e7-6411a304fc2d
128,E10000006,Cumbria, ,341868,527180,-2.90213,54.636379,6828753017.97502,552617.827159999,6310bde8-2a81-4876-a763-7f40cfc1cf64
129,E10000007,Derbyshire, ,426752,353556,-1.6021,53.078579,2549660380.79626,372264.864454269,89a06d9b-7360-4345-bb98-1ba41fadca91
130,E10000008,Devon, ,283143,93085,-3.65698,50.725578,6585794126.78834,621810.572200322,f6f5b7d6-d017-4b4b-b2cc-28e0c6715ae8
131,E10000011,East Sussex, ,564123,117996,0.334559,50.938049,1724411101.4318,220009.91427797,b069648e-689c-451f-9a18-68f8c6fe3c9d
132,E10000012,Essex, ,575270,215407,0.54106,51.809818,3461786415.78687,589800.008011172,71c3cb6c-d6d7-4916-bbaa-9e958ccf4c4d
133,E10000013,Gloucestershire, ,389595,213465,-2.15235,51.81971,2685060501.09007,351845.763631788,9b31fc02-7729-4cec-b9af-b647184a9e22
134,E10000014,Hampshire, ,452859,127536,-1.24735,51.044739,3676557917.54242,481489.491216468,733961c5-6f0d-421d-a69c-b91138d71343
135,E10000015,Hertfordshire, ,518883,213642,-0.27699,51.808788,1641520277.80814,260079.229590158,8fca4eb0-e7ec-4362-9685-19b8341d9b7b
136,E10000016,Kent, ,590249,147268,0.72137,51.192951,3546362335.67091,431899.024626103,9d64de96-149a-40ac-9f36-2ac15526d256
137,E10000017,Lancashire, ,369784,440758,-2.46091,53.86216,2896601041.39265,457378.114878787,48db5463-d9ae-435e-94b1-9679f3e279a2
138,E10000018,Leicestershire, ,442147,310191,-1.3779,52.68779,2086209822.14252,300808.316361711,647cea62-3787-4074-8512-ee36800a644d
139,E10000019,Lincolnshire, ,517984,358539,-0.23884,53.111019,5950013293.85518,505219.024674881,32c96280-d3c3-4c8e-aa3a-948bedd6b924
140,E10000020,Norfolk, ,600549,312292,0.964714,52.67123,5374371095.19388,447100.310480209,80195503-52b0-4dae-8a94-bb7cdf63cbce
141,E10000021,Northamptonshire, ,477359,268708,-0.86668,52.31105,2366309702.45107,302397.183063392,820695b9-8f49-40bf-9f12-e0e36b4abb50
142,E10000023,North Yorkshire, ,429509,466515,-1.55032,54.093712,8053157594.9623,660278.369052201,ccc184f2-6cfc-4a55-8e72-1fff0e4bdc09
143,E10000024,Nottinghamshire, ,466570,359496,-1.00656,53.128502,2088523829.0316,306765.730033622,3c742a5e-69e7-435f-807d-7e4b8bf86ffc
144,E10000025,Oxfordshire, ,448985,208334,-1.29146,51.771549,2607088918.87671,342564.406887002,03787265-30b8-49ce-9c81-da2770a70c12
145,E10000027,Somerset, ,309300,131077,-3.29595,51.071819,3462418993.92367,376729.677085706,afc31ed0-aa67-46a6-9d08-8403c81e7e73
146,E10000028,Staffordshire, ,398243,334651,-2.02756,52.909302,2628222822.23864,398317.272010398,46b5d4de-5884-422a-82cb-9c1b043841f9
147,E10000029,Suffolk, ,608219,266120,1.04919,52.253849,3826791438.0187,442963.36486301,5e2251c4-52f3-4331-bf2b-c20306000870
148,E10000030,Surrey, ,515966,153408,-0.33911,51.268028,1667746807.98541,228066.788736319,d92e6d64-e36b-4c42-910a-cda164bdb50e
149,E10000031,Warwickshire, ,429584,253588,-1.56874,52.179771,1974608059.91776,332480.719434152,33e9a1a0-b340-4004-9d13-546c5cdbc820
150,E10000032,West Sussex, ,508316,118010,-0.45933,50.95134,1997465440.18834,269562.453809977,ce140a94-144b-48e9-b8eb-ed1cbb622b64
151,E10000034,Worcestershire, ,385792,257203,-2.20935,52.212872,1743379749.93684,306514.861806333,bbcf0a1f-4cf3-4441-aa74-01b48a8e1b9c
152,N09000001,Antrim and Newtownabbey, ,130813,541285,-6.1776,54.693859,725800900.120255,145231.019636579,369fc323-995d-4850-9841-cf6aabe2329c
153,N09000002,"Armagh City, Banbridge and Craigavon", ,112110,508158,-6.43455,54.3867,1436130448.75277,200894.669391751,cea8c4a4-9e90-4c7c-870c-30328750a689
154,N09000003,Belfast, ,146465,529747,-5.92535,54.59853,137794023.258202,55370.6109094332,04697686-875f-4ea4-8706-2db5d43eb117
155,N09000004,Causeway Coast and Glens, ,106168,581420,-6.5996,55.039619,1985252734.92857,285674.037232756,792d9098-246f-4e83-ac61-178ba65a3c4c
156,N09000005,Derry City and Strabane, ,51779,559566,-7.42064,54.80904,1246637562.27684,232729.547862666,fa5bb9e1-687b-4b1e-9ef7-84cb5ee53ea6
157,N09000006,Fermanagh and Omagh, ,41233,513013,-7.5271,54.385208,3009094379.02077,353603.406453789,2b291bf7-e0f5-4ade-8470-252ee929d28a
158,N09000007,Lisburn and Castlereagh, ,138712,518920,-6.03545,54.49752,511681221.176647,133181.9440907,9633fe8e-4401-4f1a-9e41-6543ed5277e8
159,N09000008,Mid and East Antrim, ,133943,560151,-6.14645,54.86462,1064497440.11093,198438.99519978,172bec7d-b061-41e7-87f6-0d78545e8067
160,N09000009,Mid Ulster, ,83920,528564,-6.8889,54.552731,1960344170.37937,267949.605613351,963dc668-d2ce-436b-b37a-b25c787707df
161,N09000010,"Newry, Mourne and Down", ,133006,480432,-6.08891,54.149529,1686596198.00008,292916.734120249,efe1484e-9d5d-4fa4-9ef3-fb100f09f6bd
162,N09000011,Ards and North Down, ,164321,524944,-5.64568,54.564091,568030925.63765,133209.664417331,b3af1dcc-76a8-4c4b-8f04-bfd155256bdf
163,S12000005,Clackmannanshire, ,291159,696335,-3.75344,56.14724,159232895.883728,73844.8438203014,6fadb854-be30-49a0-bb99-985fd1c9b2a5
164,S12000006,Dumfries and Galloway, ,270645,579856,-4.02863,55.09621,6445067231.4009,689568.881058481,1625c4e0-44f1-46d9-88d7-4630a51f4b53
165,S12000008,East Ayrshire, ,255398,624935,-4.29057,55.496738,1272832615.86668,276686.020027799,91f1886e-b2e1-4e3c-b9e7-96585be22f9f
166,S12000010,East Lothian, ,354854,672351,-2.72435,55.94207,678543757.356903,149493.883282039,3d82e9a3-6a2b-4fb4-bf8e-307e1bb2c8c7
167,S12000011,East Renfrewshire, ,251929,653115,-4.3606,55.74868,175683611.934464,75237.1219538965,5a6d1055-9711-43ae-aeca-892c7fcdab5e
168,S12000013,Na h-Eileanan Siar, ,126473,932862,-6.65722,58.199379,3032017857.1636,1645313.8500979,f3734e55-eca4-4b11-bf7e-28fd314a827a
169,S12000014,Falkirk, ,289661,679536,-3.7706,55.99604,296706694.664413,117083.001035293,75dabf29-c24f-4423-ba2e-21ec03965dcd
170,S12000017,Highland, ,241018,858292,-4.66103,57.586571,26291797787.2423,2890481.7538741,1bc09815-e0cd-45cc-ba81-5e2d49cfba5e
171,S12000018,Inverclyde, ,227922,670894,-4.75387,55.900299,162448990.871017,61139.273128552,567aa311-374f-46c4-8ea5-dc372ab299c8
172,S12000019,Midlothian, ,330088,659217,-3.11738,55.82111,354813985.93425,110233.8412277,c9166933-edda-40c7-a3ec-d9bfc44f07c7
173,S12000020,Moray, ,328024,843593,-3.20187,57.47683,2243947309.85425,356102.199807525,d17289f3-530b-440c-9709-c397a6c85b78
174,S12000021,North Ayrshire, ,228996,651640,-4.7246,55.72789,881524981.311317,255382.28055355,28389399-2bef-4044-8cfc-9311ac209726
175,S12000023,Orkney Islands, ,348293,1006584,-2.90025,58.94334,1007307595.37869,771549.450005117,b302eabc-d191-4db5-9358-d338f90a1a64
176,S12000026,Scottish Borders, ,345891,626135,-2.85866,55.52594,4744516442.4313,430160.735812936,01d82560-c0f6-4cdf-9722-7fcf414859cb
177,S12000027,Shetland Islands, ,434516,1180307,-1.37344,60.504951,1450896786.59366,1192520.7309918,6c442d62-df27-4d67-b31f-86bb026455de
178,S12000028,South Ayrshire, ,226545,596271,-4.72899,55.23008,1224445262.45297,252777.689114427,7c1667b8-852e-4f5b-9444-3086503bfab0
179,S12000029,South Lanarkshire, ,284634,636071,-3.83272,55.60453,1771731535.88519,247208.200571143,54b962ff-1f5c-4400-9a66-cfd9d0a4c62b
180,S12000030,Stirling, ,255980,708769,-4.32595,56.249531,2261949444.64474,290565.862807737,d85a9590-9ca1-4162-8533-5fae4987978a
181,S12000033,Aberdeen City, ,387763,808479,-2.20398,57.166969,185416317.160675,88078.5110698806,5e1c021a-d847-4518-891e-e385cb67f7ac
182,S12000034,Aberdeenshire, ,352284,816277,-2.79208,57.234692,6324833100.32327,561629.313650336,c8cd9675-8495-4c4e-b4a7-b455c98f5017
183,S12000035,Argyll and Bute, ,200740,715443,-5.22114,56.28944,7088548938.74316,2037905.69779507,063add42-a693-4216-9e0b-dc25569c1946
184,S12000036,City of Edinburgh, ,320193,669416,-3.27826,55.91119,263292307.255356,89188.9759265975,32b9c768-6811-4c8b-9ce7-d88b3ddde53f
185,S12000038,Renfrewshire, ,239305,664698,-4.56834,55.848621,271395331.026596,89105.5096129212,d544122c-6821-4d57-ad8b-ae3517f37e7b
186,S12000039,West Dunbartonshire, ,242904,681586,-4.52074,56.0014,177490882.278641,71209.3586164968,f4b73db7-9ef9-40b3-a16d-1bb8c9bb70cc
187,S12000040,West Lothian, ,299483,668514,-3.60909,55.8992,426840563.414215,113825.130882408,7aaeaaf2-5d08-4845-9bb9-b5d63bb46ab1
188,S12000041,Angus, ,345518,759594,-2.89189,56.7248,2193995565.90497,245203.00930717,cafafede-108c-41b7-9d50-4841846ab7d9
189,S12000042,Dundee City, ,340291,732145,-2.97095,56.4776,60639153.7706909,38817.684939821,431e073f-4081-4d7c-ae48-84a8cb85ea70
190,S12000045,East Dunbartonshire, ,261240,676154,-4.22417,55.95829,173578352.18251,83606.6273080683,5fe7fc15-18ec-4578-992d-d5fb1d2f4ca0
191,S12000047,Fife, ,339197,704726,-2.98235,56.231171,1325282490.87531,251754.629507678,a39bc8e1-3b83-4a4b-8eef-8f4032d9860f
192,S12000048,Perth and Kinross, ,284304,744186,-3.8848,56.575291,5385637143.90138,482619.752629931,db9222a4-b14f-421d-bb95-e9d485171db7
193,S12000049,Glasgow City, ,261534,667033,-4.21479,55.876492,178522607.561691,87346.6488518363,69984b46-052b-4cf1-8db8-e991323a7bfb
194,S12000050,North Lanarkshire, ,277984,665608,-3.9514,55.868141,470403040.707123,139061.786893944,52f60f8b-fda6-49bc-aa25-d5c4472a65a6
195,W06000001,Isle of Anglesey,Ynys Môn,245212,378343,-4.32306,53.279419,710126392.140472,208619.130575731,8bf0d9a8-d8e2-4350-9b1b-66f0ba193ed0
196,W06000002,Gwynedd,Gwynedd,280555,334966,-3.77715,52.89883,2554766177.68011,428598.822967744,e5d7c3ac-8ccc-4243-ac9b-d95a7364deec
197,W06000003,Conwy,Conwy,283293,362563,-3.74646,53.147388,1136763349.22874,192087.634855832,2dcc7a8a-4105-44b4-92b7-3a2c05f06699
198,W06000004,Denbighshire,Sir Ddinbych,309843,355416,-3.34761,53.088329,834993112.169342,188604.662960488,4f3a7e79-5ab8-4456-99ec-6784ede536c6
199,W06000005,Flintshire,Sir y Fflint,321134,369280,-3.18248,53.21471,436415582.725502,135300.381621256,5bc14314-3480-4f68-b101-2db025a30e6a
200,W06000006,Wrexham,Wrecsam,333523,345387,-2.99203,53.001671,506885367.147919,155283.77627925,0c017621-86b8-4913-a04f-3df64cb2923d
201,W06000008,Ceredigion,Ceredigion,267127,268437,-3.94993,52.297951,1785331104.3743,261836.732633412,ce309a5b-f957-4f90-bd10-e99dd40c08c0
202,W06000009,Pembrokeshire,Sir Benfro,199821,221392,-4.90818,51.855129,1635007925.09512,346360.435910429,a5c6a775-bba0-4ced-be57-df7364b5337f
203,W06000010,Carmarthenshire,Sir Gaerfyrddin,247954,224133,-4.2111,51.894951,2369376127.00636,316574.68969129,9c782115-56b5-46d8-ae9a-3f05021378c4
204,W06000011,Swansea,Abertawe,264022,197308,-3.96723,51.658058,375349174.33308,147079.196722939,a387ce57-c1e2-44bd-92ff-b7138e76c9e0
205,W06000012,Neath Port Talbot,Castell-nedd Port Talbot,279261,195412,-3.74638,51.644501,448078907.30698,121754.950607047,0eeb3f00-c844-4d2e-acb1-12e2172f071f
206,W06000013,Bridgend,Pen-y-bont ar Ogwr,288231,185870,-3.61375,51.5606,249904235.709549,76958.9733839708,781da414-4c2d-4461-81a6-51bd1d390340
207,W06000014,Vale of Glamorgan,Bro Morgannwg,302946,173081,-3.39803,51.44836,330859792.433872,88779.1007327383,cf35c2e4-7459-4bef-b8fb-f1e837ccaa7e
208,W06000015,Cardiff,Caerdydd,315273,178887,-3.22208,51.502541,142196109.538723,59976.3728987363,599f418b-dd41-428a-93ba-3f8c8847f449
209,W06000016,Rhondda Cynon Taf,Rhondda Cynon Taf,302237,192395,-3.41359,51.621849,422322765.345913,112336.533505479,14f38c63-ed6e-4278-be7f-da24df468455
210,W06000018,Caerphilly,Caerffili,317245,195259,-3.19753,51.650009,277815064.267841,98224.5000004764,4cdbb956-c11d-42c3-8b08-9ad25972ad01
211,W06000019,Blaenau Gwent,Blaenau Gwent,318236,206771,-3.18592,51.753639,109273372.239006,58166.9529683021,8633a935-b488-495e-b30c-d99e4f36a2aa
212,W06000020,Torfaen,Torfaen,327459,200480,-3.05101,51.69836,125716747.279713,68469.967277748,02e734a4-3303-46b2-b28c-e6fec482f4f1
213,W06000021,Monmouthshire,Sir Fynwy,337812,209231,-2.9028,51.778271,854020864.551823,180482.922868724,073cf85e-6834-4263-b18c-a616b09a6061
214,W06000022,Newport,Casnewydd,337897,187432,-2.89769,51.58231,191980302.772194,87207.528793715,a9bd44ef-163c-42cc-9a28-124b2c2212cc
215,W06000023,Powys,Powys,302329,273255,-3.43531,52.34864,5198694946.93759,503347.40166316,5964fbbe-8649-49cd-a453-03dde36ed742
216,W06000024,Merthyr Tydfil,Merthyr Tudful,305916,206424,-3.36425,51.748581,113429186.940109,59195.3263419334,f237351f-b06d-462f-863b-b8a36c8ccfa8
